{"cameraMode":{"drawMode":0,"name":"Shaded","section":"Shading Mode"},"sceneLighting":false,"audioPlay":false,"sceneViewState":{"m_AlwaysRefresh":false,"showFog":true,"showSkybox":false,"showFlares":true,"showImageEffects":true,"showParticleSystems":true,"showVisualEffectGraphs":true,"m_FxEnabled":true},"in2DMode":false,"pivot":{"x":0.04267093539237976,"y":0.014069251716136933,"z":0.9866646528244019},"rotation":{"x":0.020982563495635988,"y":0.03898162022233009,"z":-0.0008187206694856286,"w":0.9990208148956299},"size":0.11191100627183914,"orthographic":true}