{"cameraMode":{"drawMode":0,"name":"Shaded","section":"Shading Mode"},"sceneLighting":false,"audioPlay":false,"sceneViewState":{"m_AlwaysRefresh":false,"showFog":true,"showSkybox":false,"showFlares":true,"showImageEffects":true,"showParticleSystems":true,"showVisualEffectGraphs":true,"m_FxEnabled":true},"in2DMode":false,"pivot":{"x":0.09040778875350952,"y":0.11636880785226822,"z":0.25568628311157229},"rotation":{"x":-0.019542166963219644,"y":0.68968266248703,"z":0.01862596720457077,"w":0.7236081957817078},"size":0.38571375608444216,"orthographic":true}